TrailNum,Probability,OnFrame,OffFrame,StartPos,Truth,Stimuli,TerminateFrame,Response
1,0.65,24,3,7,tail,TTHHTHTTTTTTTHHHHTHT,371,tail
2,0.65,24,3,3,tail,TTTHHTTTTTTHHHTHTHTH,235,tail
3,0.65,24,3,1,head,HHTHHHTHHHHHHHHHHTTH,166,head
4,0.65,24,3,6,head,HHHTHTHTTHTTTTHHTTTH,118,head
5,0.65,24,3,4,head,HHHHTTHHTHTHHHHTTTTT,136,head
6,0.65,24,3,0,tail,THHTTTHTTHTTHHTHHTHT,260,tail
7,0.65,24,3,2,head,THHHTHHHTHHTHHTHHHTT,204,head
8,0.65,24,3,5,tail,HHTTHHHTHTTTTTHTTHHH,258,head
9,0.65,24,3,1,head,THTHHTTTTTHTHTTTHTTT,287,tail
10,0.65,24,3,7,tail,HTHHTTTTTHTHTHTHTTTH,241,tail
11,0.65,12,3,7,tail,THHTTTTTTTHHTHHHTHTT,20,
12,0.65,12,3,3,tail,HTTTTTTTTTTTTTTTHTTH,127,tail
13,0.65,12,3,1,tail,TTTTTHTTHTTTTTHTTTTT,197,tail
14,0.65,12,3,6,tail,THHTTTTHHTTTHHTHHHTT,212,tail
15,0.65,12,3,4,tail,HHHHTTTHTHTHHTTTHTTH,20,
16,0.65,12,3,0,tail,THTTTTHTTTTTTHTHTHTH,164,tail
17,0.65,12,3,2,head,TTHTTTHTHTHHHHHTTHTH,247,head
18,0.65,12,3,5,head,TTTTHHTHTHTHHHTTHHHH,275,tail
19,0.65,12,3,1,head,HTHHTHTHTTHHTHHHHTHT,20,
20,0.65,12,3,7,head,HHHTHTHHHTHHTTHTTTHT,197,head
21,0.65,6,3,7,tail,TTHHTHHTHHHHHTHHTTTT,20,
22,0.65,6,3,3,head,HHTHHTHHTTHHTHHHHHHH,148,head
23,0.65,6,3,1,tail,HTHHTTTTHTTTHTHTTHTT,143,tail
24,0.65,6,3,6,head,TTTHTTHHHHTHTHTHTHHT,20,
25,0.65,6,3,4,tail,HTHTTHHTTHHHTTTTTHTT,135,head
26,0.65,6,3,0,head,TTHHHTHHTHHTHTTTTHTH,165,tail
27,0.65,6,3,2,head,TTTHHTHHHTTHTHTHHHTH,145,head
28,0.65,6,3,5,tail,TTTHHTTHTHHTHHHTHTTH,20,
29,0.65,6,3,1,head,THHTTHHHHTHTHHTHTTTT,146,head
30,0.65,6,3,7,tail,HTTTTTHTTTHTHTTHTTTT,145,tail
