Trail,Probability,OnFrame,OffFrame,StartPos,Truth,Stimuli,TerminateFrame,Response
1,0.65,24,3,5,head,HHHTHTTTHHTTHTHHTHTH,177,head
2,0.65,24,3,3,tail,TTTTTTTTTTHTTTHTTHTH,84,tail
3,0.65,24,3,7,head,HTHHHHTHHTHTHHTTHHHH,148,tail
4,0.65,24,3,1,tail,THHTTTHHTTTHHTHTHTTH,118,head
5,0.65,24,3,0,tail,THTHTHTTHTTTTTTHTHTT,209,tail
6,0.65,24,3,2,head,TTTHTHHTHHTHHHTHHTHT,131,tail
7,0.65,24,3,4,tail,HHTTHTTTHTHHTTHHHTTT,103,head
8,0.65,24,3,6,head,TTTHTTTHHTHHHHHHHHTH,120,tail
9,0.65,24,3,3,head,HHTHHTTTHTTHHTTHHHHH,84,head
10,0.65,24,3,2,head,HTTHHHHHHHTHHHHHTTHH,179,head
